timestamp,value
1230940800,0
1231027200,0
1231113600,0
1231200000,0
1231286400,0
1231372800,0
1231459200,0
1231545600,0
1231632000,0
1231718400,0
1231804800,0
1231891200,0
1231977600,0
1232064000,0
1232150400,0
1232236800,0
1232323200,0
1232409600,0
1232496000,0
1232582400,0
1232668800,1
1232755200,1
1232841600,1
1232928000,1
1233014400,1
1233100800,1
1233187200,1
1233273600,1
1233360000,2
1233446400,2
1233532800,2
1233619200,2
1233705600,2
1233792000,2
1233878400,2
1233964800,2
1234051200,2
1234137600,2
1234224000,2
1234310400,2
1234396800,2
1234483200,2
1234569600,2
1234656000,2
1234742400,2
1234828800,2
1234915200,2
1235001600,2
1235088000,2
1235174400,2
1235260800,2
1235347200,2
1235433600,2
1235520000,2
1235606400,2
1235692800,2
1235779200,2
1235865600,2
1235952000,2
1236038400,3
1236124800,3
1236211200,3
1236297600,3
1236384000,3
1236470400,3
1236556800,3
1236643200,3
1236729600,3
1236816000,3
1236902400,3
1236988800,3
1237075200,3
1237161600,3
1237248000,3
1237334400,3
1237420800,3
1237507200,3
1237593600,3
1237680000,3
1237766400,3
1237852800,3
1237939200,3
1238025600,3
1238112000,3
1238198400,3
1238284800,3
1238371200,3
1238457600,3
1238544000,3
1238630400,3
1238716800,3
1238803200,3
1238889600,3
1238976000,3
1239062400,3
1239148800,3
1239235200,3
1239321600,3
1239408000,3
1239494400,3
1239580800,3
1239667200,3
1239753600,3
1239840000,3
1239926400,3
1240012800,3
1240099200,3
1240185600,4
1240272000,4
1240358400,4
1240444800,4
1240531200,4
1240617600,4
1240704000,4
1240790400,4
1240876800,4
1240963200,4
1241049600,4
1241136000,4
1241222400,4
1241308800,4
1241395200,4
1241481600,4
1241568000,4
1241654400,4
1241740800,4
1241827200,4
1241913600,4
1242000000,4
1242086400,4
1242172800,4
1242259200,4
1242345600,4
1242432000,4
1242518400,4
1242604800,4
1242691200,4
1242777600,4
1242864000,4
1242950400,4
1243036800,4
1243123200,4
1243209600,4
1243296000,4
1243382400,4
1243468800,4
1243555200,4
1243641600,4
1243728000,4
1243814400,4
1243900800,4
1243987200,4
1244073600,4
1244160000,4
1244246400,4
1244332800,4
1244419200,4
1244505600,4
1244592000,4
1244678400,4
1244764800,4
1244851200,4
1244937600,4
1245024000,4
1245110400,4
1245196800,4
1245283200,4
1245369600,4
1245456000,4
1245542400,4
1245628800,4
1245715200,4
1245801600,4
1245888000,4
1245974400,4
1246060800,4
1246147200,4
1246233600,4
1246320000,4
1246406400,4
1246492800,4
1246579200,4
1246665600,4
1246752000,4
1246838400,4
1246924800,4
1247011200,4
1247097600,4
1247184000,4
1247270400,4
1247356800,4
1247443200,4
1247529600,4
1247616000,4
1247702400,4
1247788800,4
1247875200,4
1247961600,4
1248048000,4
1248134400,4
1248220800,4
1248307200,4
1248393600,4
1248480000,4
1248566400,4
1248652800,4
1248739200,4
1248825600,4
1248912000,4
1248998400,4
1249084800,4
1249171200,4
1249257600,4
1249344000,4
1249430400,4
1249516800,4
1249603200,4
1249689600,4
1249776000,4
1249862400,4
1249948800,4
1250035200,4
1250121600,4
1250208000,4
1250294400,4
1250380800,4
1250467200,4
1250553600,4
1250640000,4
1250726400,4
1250812800,4
1250899200,4
1250985600,4
1251072000,4
1251158400,4
1251244800,4
1251331200,4
1251417600,4
1251504000,4
1251590400,4
1251676800,4
1251763200,4
1251849600,4
1251936000,5
1252022400,5
1252108800,5
1252195200,5
1252281600,5
1252368000,5
1252454400,5
1252540800,5
1252627200,5
1252713600,5
1252800000,5
1252886400,5
1252972800,5
1253059200,5
1253145600,5
1253232000,5
1253318400,5
1253404800,5
1253491200,5
1253577600,5
1253664000,5
1253750400,5
1253836800,5
1253923200,5
1254009600,5
1254096000,5
1254182400,5
1254268800,5
1254355200,5
1254441600,5
1254528000,5
1254614400,5
1254700800,5
1254787200,5
1254873600,5
1254960000,5
1255046400,5
1255132800,5
1255219200,5
1255305600,6
1255392000,6
1255478400,6
1255564800,6
1255651200,6
1255737600,6
1255824000,6
1255910400,6
1255996800,6
1256083200,6
1256169600,6
1256256000,6
1256342400,6
1256428800,6
1256515200,6
1256601600,6
1256688000,6
1256774400,6
1256860800,6
1256947200,6
1257033600,6
1257120000,6
1257206400,6
1257292800,6
1257379200,6
1257465600,6
1257552000,6
1257638400,6
1257724800,6
1257811200,6
1257897600,6
1257984000,6
1258070400,6
1258156800,6
1258243200,6
1258329600,6
1258416000,6
1258502400,6
1258588800,6
1258675200,6
1258761600,6
1258848000,6
1258934400,6
1259020800,6
1259107200,6
1259193600,6
1259280000,6
1259366400,6
1259452800,6
1259539200,6
1259625600,7
1259712000,7
1259798400,7
1259884800,7
1259971200,7
1260057600,7
1260144000,7
1260230400,8
1260316800,8
1260403200,8
1260489600,8
1260576000,8
1260662400,8
1260748800,9
1260835200,9
1260921600,9
1261008000,9
1261094400,9
1261180800,9
1261267200,9
1261353600,9
1261440000,9
1261526400,9
1261612800,9
1261699200,9
1261785600,9
1261872000,9
1261958400,9
1262044800,9
1262131200,9
1262217600,9
1262304000,9
1262390400,9
1262476800,9
1262563200,9
1262649600,9
1262736000,9
1262822400,9
1262908800,9
1262995200,9
1263081600,9
1263168000,9
1263254400,9
1263340800,9
1263427200,9
1263513600,9
1263600000,9
1263686400,9
1263772800,9
1263859200,9
1263945600,9
1264032000,9
1264118400,9
1264204800,9
1264291200,9
1264377600,10
1264464000,10
1264550400,10
1264636800,10
1264723200,10
1264809600,11
1264896000,11
1264982400,11
1265068800,11
1265155200,11
1265241600,11
1265328000,12
1265414400,13
1265500800,13
1265587200,14
1265673600,16
1265760000,17
1265846400,17
1265932800,17
1266019200,17
1266105600,17
1266192000,17
1266278400,18
1266364800,19
1266451200,20
1266537600,20
1266624000,20
1266710400,20
1266796800,20
1266883200,20
1266969600,21
1267056000,21
1267142400,21
1267228800,21
1267315200,22
1267401600,22
1267488000,22
1267574400,22
1267660800,23
1267747200,23
1267833600,22
1267920000,22
1268006400,23
1268092800,24
1268179200,25
1268265600,26
1268352000,26
1268438400,27
1268524800,27
1268611200,27
1268697600,28
1268784000,29
1268870400,30
1268956800,32
1269043200,33
1269129600,33
1269216000,33
1269302400,34
1269388800,35
1269475200,36
1269561600,38
1269648000,39
1269734400,38
1269820800,38
1269907200,38
1269993600,38
1270080000,38
1270166400,38
1270252800,39
1270339200,39
1270425600,40
1270512000,40
1270598400,40
1270684800,41
1270771200,42
1270857600,45
1270944000,46
1271030400,47
1271116800,47
1271203200,46
1271289600,48
1271376000,49
1271462400,51
1271548800,54
1271635200,55
1271721600,58
1271808000,60
1271894400,59
1271980800,59
1272067200,59
1272153600,61
1272240000,64
1272326400,65
1272412800,64
1272499200,64
1272585600,61
1272672000,62
1272758400,63
1272844800,65
1272931200,67
1273017600,66
1273104000,67
1273190400,67
1273276800,70
1273363200,71
1273449600,72
1273536000,74
1273622400,71
1273708800,71
1273795200,70
1273881600,71
1273968000,72
1274054400,71
1274140800,71
1274227200,71
1274313600,71
1274400000,68
1274486400,71
1274572800,74
1274659200,74
1274745600,76
1274832000,79
1274918400,80
1275004800,81
1275091200,82
1275177600,82
1275264000,81
1275350400,82
1275436800,82
1275523200,83
1275609600,81
1275696000,81
1275782400,82
1275868800,81
1275955200,82
1276041600,85
1276128000,85
1276214400,87
1276300800,88
1276387200,89
1276473600,91
1276560000,90
1276646400,90
1276732800,91
1276819200,91
1276905600,83
1276992000,85
1277078400,86
1277164800,86
1277251200,85
1277337600,84
1277424000,85
1277510400,86
1277596800,88
1277683200,90
1277769600,90
1277856000,90
1277942400,92
1278028800,93
1278115200,95
1278201600,95
1278288000,95
1278374400,96
1278460800,97
1278547200,98
1278633600,97
1278720000,98
1278806400,100
1278892800,101
1278979200,103
1279065600,105
1279152000,105
1279238400,108
1279324800,112
1279411200,117
1279497600,119
1279584000,121
1279670400,121
1279756800,124
1279843200,124
1279929600,127
1280016000,131
1280102400,128
1280188800,130
1280275200,132
1280361600,130
1280448000,133
1280534400,138
1280620800,140
1280707200,144
1280793600,146
1280880000,148
1280966400,148
1281052800,152
1281139200,153
1281225600,155
1281312000,150
1281398400,154
1281484800,154
1281571200,156
1281657600,157
1281744000,160
1281830400,162
1281916800,161
1282003200,159
1282089600,165
1282176000,164
1282262400,168
1282348800,169
1282435200,171
1282521600,174
1282608000,176
1282694400,178
1282780800,179
1282867200,179
1282953600,180
1283040000,181
1283126400,186
1283212800,192
1283299200,195
1283385600,198
1283472000,196
1283558400,196
1283644800,198
1283731200,200
1283817600,201
1283904000,202
1283990400,205
1284076800,205
1284163200,208
1284249600,212
1284336000,216
1284422400,220
1284508800,221
1284595200,220
1284681600,223
1284768000,223
1284854400,226
1284940800,227
1285027200,231
1285113600,232
1285200000,232
1285286400,233
1285372800,232
1285459200,231
1285545600,233
1285632000,236
1285718400,239
1285804800,241
1285891200,244
1285977600,237
1286064000,239
1286150400,248
1286236800,247
1286323200,248
1286409600,239
1286496000,241
1286582400,244
1286668800,241
1286755200,245
1286841600,243
1286928000,250
1287014400,249
1287100800,251
1287187200,254
1287273600,254
1287360000,253
1287446400,259
1287532800,257
1287619200,259
1287705600,261
1287792000,261
1287878400,261
1287964800,262
1288051200,259
1288137600,260
1288224000,262
1288310400,267
1288396800,267
1288483200,269
1288569600,269
1288656000,268
1288742400,270
1288828800,271
1288915200,273
1289001600,273
1289088000,277
1289174400,280
1289260800,285
1289347200,289
1289433600,297
1289520000,299
1289606400,301
1289692800,306
1289779200,307
1289865600,312
1289952000,310
1290038400,312
1290124800,315
1290211200,312
1290297600,311
1290384000,312
1290470400,315
1290556800,317
1290643200,314
1290729600,316
1290816000,318
1290902400,316
1290988800,318
1291075200,316
1291161600,318
1291248000,317
1291334400,316
1291420800,314
1291507200,315
1291593600,319
1291680000,327
1291766400,328
1291852800,326
1291939200,324
1292025600,324
1292112000,325
1292198400,329
1292284800,331
1292371200,330
1292457600,336
1292544000,335
1292630400,336
1292716800,338
1292803200,341
1292889600,344
1292976000,346
1293062400,346
1293148800,347
1293235200,348
1293321600,350
1293408000,353
1293494400,349
1293580800,356
1293667200,358
1293753600,362
1293840000,365
1293926400,366
1294012800,365
1294099200,368
1294185600,371
1294272000,376
1294358400,377
1294444800,373
1294531200,376
1294617600,375
1294704000,375
1294790400,378
1294876800,378
1294963200,381
1295049600,383
1295136000,379
1295222400,378
1295308800,378
1295395200,379
1295481600,380
1295568000,379
1295654400,378
1295740800,375
1295827200,378
1295913600,377
1296000000,380
1296086400,344
1296172800,348
1296259200,348
1296345600,348
1296432000,347
1296518400,341
1296604800,342
1296691200,345
1296777600,346
1296864000,350
1296950400,350
1297036800,347
1297123200,349
1297209600,349
1297296000,349
1297382400,354
1297468800,359
1297555200,362
1297641600,364
1297728000,362
1297814400,365
1297900800,365
1297987200,370
1298073600,373
1298160000,376
1298246400,379
1298332800,382
1298419200,378
1298505600,378
1298592000,387
1298678400,392
1298764800,387
1298851200,401
1298937600,395
1299024000,431
1299110400,434
1299196800,438
1299283200,441
1299369600,444
1299456000,445
1299542400,445
1299628800,449
1299715200,455
1299801600,460
1299888000,461
1299974400,462
1300060800,464
1300147200,469
1300233600,469
1300320000,463
1300406400,464
1300492800,466
1300579200,469
1300665600,470
1300752000,472
1300838400,473
1300924800,473
1301011200,474
1301097600,476
1301184000,483
1301270400,485
1301356800,485
1301443200,488
1301529600,490
1301616000,489
1301702400,493
1301788800,493
1301875200,500
1301961600,503
1302048000,508
1302134400,507
1302220800,508
1302307200,511
1302393600,513
1302480000,516
1302566400,525
1302652800,527
1302739200,520
1302825600,519
1302912000,529
1302998400,526
1303084800,523
1303171200,494
1303257600,501
1303344000,499
1303430400,503
1303516800,509
1303603200,512
1303689600,512
1303776000,515
1303862400,519
1303948800,527
1304035200,526
1304121600,508
1304208000,510
1304294400,510
1304380800,512
1304467200,513
1304553600,513
1304640000,519
1304726400,517
1304812800,523
1304899200,528
1304985600,521
1305072000,515
1305158400,512
1305244800,516
1305331200,519
1305417600,515
1305504000,516
1305590400,516
1305676800,519
1305763200,523
1305849600,531
1305936000,520
1306022400,524
1306108800,532
1306195200,535
1306281600,540
1306368000,545
1306454400,547
1306540800,547
1306627200,544
1306713600,542
1306800000,540
1306886400,541
1306972800,541
1307059200,544
1307145600,547
1307232000,550
1307318400,556
1307404800,560
1307491200,582
1307577600,583
1307664000,590
1307750400,604
1307836800,561
1307923200,567
1308009600,590
1308096000,595
1308182400,605
1308268800,611
1308355200,613
1308441600,584
1308528000,588
1308614400,589
1308700800,591
1308787200,586
1308873600,589
1308960000,591
1309046400,589
1309132800,585
1309219200,591
1309305600,593
1309392000,595
1309478400,590
1309564800,592
1309651200,592
1309737600,592
1309824000,593
1309910400,594
1309996800,593
1310083200,594
1310169600,594
1310256000,593
1310342400,597
1310428800,598
1310515200,598
1310601600,597
1310688000,597
1310774400,598
1310860800,599
1310947200,600
1311033600,597
1311120000,598
1311206400,599
1311292800,603
1311379200,604
1311465600,607
1311552000,607
1311638400,609
1311724800,612
1311811200,625
1311897600,625
1311984000,626
1312070400,629
1312156800,630
1312243200,634
1312329600,641
1312416000,638
1312502400,637
1312588800,632
1312675200,621
1312761600,622
1312848000,620
1312934400,622
1313020800,623
1313107200,624
1313193600,624
1313280000,625
1313366400,624
1313452800,626
1313539200,622
1313625600,624
1313712000,627
1313798400,625
1313884800,625
1313971200,627
1314057600,625
1314144000,623
1314230400,642
1314316800,646
1314403200,637
1314489600,641
1314576000,640
1314662400,640
1314748800,640
1314835200,640
1314921600,640
1315008000,641
1315094400,645
1315180800,649
1315267200,650
1315353600,640
1315440000,644
1315526400,644
1315612800,645
1315699200,636
1315785600,633
1315872000,633
1315958400,634
1316044800,638
1316131200,637
1316217600,638
1316304000,635
1316390400,635
1316476800,638
1316563200,633
1316649600,631
1316736000,634
1316822400,629
1316908800,631
1316995200,632
1317081600,634
1317168000,633
1317254400,633
1317340800,634
1317427200,631
1317513600,632
1317600000,630
1317686400,641
1317772800,639
1317859200,644
1317945600,647
1318032000,650
1318118400,652
1318204800,652
1318291200,648
1318377600,644
1318464000,642
1318550400,643
1318636800,641
1318723200,642
1318809600,642
1318896000,645
1318982400,648
1319068800,652
1319155200,654
1319241600,654
1319328000,652
1319414400,651
1319500800,651
1319587200,655
1319673600,657
1319760000,664
1319846400,659
1319932800,662
1320019200,663
1320105600,667
1320192000,665
1320278400,667
1320364800,671
1320451200,674
1320537600,676
1320624000,674
1320710400,676
1320796800,677
1320883200,677
1320969600,682
1321056000,684
1321142400,681
1321228800,686
1321315200,691
1321401600,692
1321488000,698
1321574400,702
1321660800,704
1321747200,709
1321833600,712
1321920000,720
1322006400,721
1322092800,719
1322179200,720
1322265600,727
1322352000,727
1322438400,717
1322524800,722
1322611200,724
1322697600,724
1322784000,727
1322870400,730
1322956800,730
1323043200,731
1323129600,738
1323216000,741
1323302400,770
1323388800,837
1323475200,813
1323561600,782
1323648000,753
1323734400,750
1323820800,756
1323907200,755
1323993600,763
1324080000,762
1324166400,761
1324252800,765
1324339200,775
1324425600,777
1324512000,785
1324598400,788
1324684800,790
1324771200,794
1324857600,800
1324944000,800
1325030400,804
1325116800,798
1325203200,800
1325289600,799
1325376000,802
1325462400,803
1325548800,801
1325635200,807
1325721600,811
1325808000,811
1325894400,812
1325980800,815
1326067200,819
1326153600,820
1326240000,818
1326326400,822
1326412800,828
1326499200,830
1326585600,829
1326672000,833
1326758400,822
1326844800,820
1326931200,797
1327017600,799
1327104000,791
1327190400,789
1327276800,798
1327363200,802
1327449600,803
1327536000,806
1327622400,801
1327708800,799
1327795200,799
1327881600,798
1327968000,799
1328054400,807
1328140800,805
1328227200,809
1328313600,809
1328400000,814
1328486400,810
1328572800,809
1328659200,812
1328745600,810
1328832000,810
1328918400,818
1329004800,817
1329091200,819
1329177600,815
1329264000,842
1329350400,816
1329436800,822
1329523200,827
1329609600,829
1329696000,830
1329782400,833
1329868800,837
1329955200,837
1330041600,840
1330128000,839
1330214400,837
1330300800,842
1330387200,841
1330473600,845
1330560000,839
1330646400,848
1330732800,865
1330819200,867
1330905600,866
1330992000,874
1331078400,874
1331164800,881
1331251200,883
1331337600,879
1331424000,878
1331510400,878
1331596800,877
1331683200,875
1331769600,871
1331856000,871
1331942400,866
1332028800,866
1332115200,872
1332201600,866
1332288000,869
1332374400,872
1332460800,866
1332547200,866
1332633600,868
1332720000,871
1332806400,871
1332892800,868
1332979200,869
1333065600,871
1333152000,873
1333238400,870
1333324800,869
1333411200,872
1333497600,871
1333584000,873
1333670400,874
1333756800,876
1333843200,879
1333929600,900
1334016000,881
1334102400,879
1334188800,884
1334275200,888
1334361600,886
1334448000,890
1334534400,889
1334620800,885
1334707200,886
1334793600,892
1334880000,881
1334966400,880
1335052800,891
1335139200,893
1335225600,892
1335312000,897
1335398400,907
1335484800,909
1335571200,907
1335657600,905
1335744000,905
1335830400,909
1335916800,914
1336003200,916
1336089600,921
1336176000,920
1336262400,921
1336348800,928
1336435200,933
1336521600,932
1336608000,936
1336694400,923
1336780800,930
1336867200,932
1336953600,932
1337040000,929
1337126400,926
1337212800,919
1337299200,930
1337385600,918
1337472000,921
1337558400,922
1337644800,916
1337731200,910
1337817600,905
1337904000,908
1337990400,908
1338076800,905
1338163200,906
1338249600,904
1338336000,905
1338422400,907
1338508800,913
1338595200,912
1338681600,911
1338768000,917
1338854400,923
1338940800,919
1339027200,924
1339113600,929
1339200000,923
1339286400,931
1339372800,937
1339459200,943
1339545600,934
1339632000,937
1339718400,938
1339804800,933
1339891200,945
1339977600,957
1340064000,949
1340150400,945
1340236800,945
1340323200,943
1340409600,952
1340496000,941
1340582400,947
1340668800,957
1340755200,964
1340841600,956
1340928000,961
1341014400,962
1341100800,961
1341187200,975
1341273600,983
1341360000,985
1341446400,990
1341532800,992
1341619200,994
1341705600,1001
1341792000,1008
1341878400,1006
1341964800,1002
1342051200,1002
1342137600,1001
1342224000,1005
1342310400,1008
1342396800,1021
1342483200,1027
1342569600,1023
1342656000,1019
1342742400,1020
1342828800,1011
1342915200,1015
1343001600,1019
1343088000,1031
1343174400,1033
1343260800,1033
1343347200,1035
1343433600,1041
1343520000,1039
1343606400,1041
1343692800,1042
1343779200,1043
1343865600,1057
1343952000,1049
1344038400,1055
1344124800,1060
1344211200,1060
1344297600,1058
1344384000,1082
1344470400,1086
1344556800,1090
1344643200,1088
1344729600,1087
1344816000,1098
1344902400,1090
1344988800,1095
1345075200,1087
1345161600,1095
1345248000,1102
1345334400,1104
1345420800,1088
1345507200,1086
1345593600,1078
1345680000,1071
1345766400,1074
1345852800,1084
1345939200,1081
1346025600,1081
1346112000,1083
1346198400,1085
1346284800,1086
1346371200,1093
1346457600,1088
1346544000,1092
1346630400,1090
1346716800,1090
1346803200,1093
1346889600,1094
1346976000,1095
1347062400,1100
1347148800,1093
1347235200,1098
1347321600,1100
1347408000,1105
1347494400,1107
1347580800,1111
1347667200,1109
1347753600,1117
1347840000,1110
1347926400,1101
1348012800,1106
1348099200,1121
1348185600,1107
1348272000,1117
1348358400,1121
1348444800,1111
1348531200,1109
1348617600,1110
1348704000,1111
1348790400,1112
1348876800,1115
1348963200,1119
1349049600,1116
1349136000,1116
1349222400,1115
1349308800,1117
1349395200,1113
1349481600,1116
1349568000,1118
1349654400,1127
1349740800,1131
1349827200,1130
1349913600,1129
1350000000,1139
1350086400,1149
1350172800,1157
1350259200,1154
1350345600,1151
1350432000,1148
1350518400,1145
1350604800,1140
1350691200,1139
1350777600,1135
1350864000,1139
1350950400,1146
1351036800,1143
1351123200,1147
1351209600,1149
1351296000,1151
1351382400,1150
1351468800,1150
1351555200,1148
1351641600,1152
1351728000,1169
1351814400,1165
1351900800,1162
1351987200,1161
1352073600,1159
1352160000,1160
1352246400,1163
1352332800,1164
1352419200,1166
1352505600,1168
1352592000,1170
1352678400,1172
1352764800,1171
1352851200,1168
1352937600,1171
1353024000,1173
1353110400,1170
1353196800,1164
1353283200,1162
1353369600,1166
1353456000,1166
1353542400,1165
1353628800,1166
1353715200,1168
1353801600,1177
1353888000,1180
1353974400,1182
1354060800,1181
1354147200,1177
1354233600,1178
1354320000,1180
1354406400,1176
1354492800,1179
1354579200,1198
1354665600,1199
1354752000,1202
1354838400,1207
1354924800,1206
1355011200,1212
1355097600,1206
1355184000,1212
1355270400,1221
1355356800,1217
1355443200,1217
1355529600,1217
1355616000,1222
1355702400,1230
1355788800,1245
1355875200,1250
1355961600,1254
1356048000,1260
1356134400,1258
1356220800,1256
1356307200,1267
1356393600,1262
1356480000,1258
1356566400,1255
1356652800,1257
1356739200,1263
1356825600,1260
1356912000,1259
1356998400,1256
1357084800,1258
1357171200,1256
1357257600,1254
1357344000,1259
1357430400,1257
1357516800,1255
1357603200,1263
1357689600,1254
1357776000,1256
1357862400,1257
1357948800,1260
1358035200,1252
1358121600,1257
1358208000,1268
1358294400,1270
1358380800,1278
1358467200,1280
1358553600,1276
1358640000,1279
1358726400,1274
1358812800,1276
1358899200,1283
1358985600,1296
1359072000,1296
1359158400,1291
1359244800,1296
1359331200,1299
1359417600,1308
1359504000,1304
1359590400,1314
1359676800,1329
1359763200,1331
1359849600,1338
1359936000,1339
1360022400,1339
1360108800,1350
1360195200,1349
1360281600,1356
1360368000,1350
1360454400,1345
1360540800,1347
1360627200,1337
1360713600,1346
1360800000,1354
1360886400,1350
1360972800,1351
1361059200,1360
1361145600,1357
1361232000,1357
1361318400,1368
1361404800,1380
1361491200,1374
1361577600,1376
1361664000,1379
1361750400,1389
1361836800,1383
1361923200,1380
1362009600,1363
1362096000,1364
1362182400,1366
1362268800,1362
1362355200,1362
1362441600,1364
1362528000,1354
1362614400,1338
1362700800,1332
1362787200,1328
1362873600,1336
1362960000,1337
1363046400,1331
1363132800,1332
1363219200,1334
1363305600,1338
1363392000,1339
1363478400,1338
1363564800,1330
1363651200,1337
1363737600,1339
1363824000,1333
1363910400,1336
1363996800,1335
1364083200,1333
1364169600,1333
1364256000,1328
1364342400,1328
1364428800,1335
1364515200,1330
1364601600,1328
1364688000,1336
1364774400,1342
1364860800,1349
1364947200,1364
1365033600,1359
1365120000,1365
1365206400,1368
1365292800,1372
1365379200,1359
1365465600,1357
1365552000,1358
1365638400,1354
1365724800,1337
1365811200,1334
1365897600,1338
1365984000,1336
1366070400,1316
1366156800,1326
1366243200,1332
1366329600,1336
1366416000,1329
1366502400,1331
1366588800,1331
1366675200,1328
1366761600,1330
1366848000,1334
1366934400,1334
1367020800,1334
1367107200,1344
1367193600,1357
1367280000,1372
1367366400,1369
1367452800,1364
1367539200,1379
1367625600,1382
1367712000,1383
1367798400,1384
1367884800,1382
1367971200,1389
1368057600,1385
1368144000,1380
1368230400,1387
1368316800,1389
1368403200,1390
1368489600,1390
1368576000,1399
1368662400,1403
1368748800,1407
1368835200,1404
1368921600,1405
1369008000,1404
1369094400,1407
1369180800,1409
1369267200,1407
1369353600,1419
1369440000,1426
1369526400,1427
1369612800,1426
1369699200,1429
1369785600,1434
1369872000,1438
1369958400,1443
1370044800,1438
1370131200,1439
1370217600,1435
1370304000,1435
1370390400,1432
1370476800,1447
1370563200,1440
1370649600,1435
1370736000,1429
1370822400,1435
1370908800,1428
1370995200,1430
1371081600,1431
1371168000,1432
1371254400,1431
1371340800,1431
1371427200,1431
1371513600,1433
1371600000,1432
1371686400,1433
1371772800,1444
1371859200,1451
1371945600,1446
1372032000,1451
1372118400,1444
1372204800,1448
1372291200,1450
1372377600,1449
1372464000,1442
1372550400,1444
1372636800,1449
1372723200,1442
1372809600,1451
1372896000,1441
1372982400,1441
1373068800,1436
1373155200,1434
1373241600,1432
1373328000,1429
1373414400,1430
1373500800,1432
1373587200,1427
1373673600,1425
1373760000,1429
1373846400,1436
1373932800,1439
1374019200,1442
1374105600,1433
1374192000,1438
1374278400,1444
1374364800,1446
1374451200,1449
1374537600,1454
1374624000,1456
1374710400,1458
1374796800,1462
1374883200,1467
1374969600,1467
1375056000,1467
1375142400,1501
1375228800,1498
1375315200,1503
1375401600,1507
1375488000,1504
1375574400,1503
1375660800,1512
1375747200,1511
1375833600,1512
1375920000,1515
1376006400,1515
1376092800,1523
1376179200,1522
1376265600,1518
1376352000,1518
1376438400,1517
1376524800,1527
1376611200,1532
1376697600,1549
1376784000,1553
1376870400,1553
1376956800,1560
1377043200,1551
1377129600,1551
1377216000,1561
1377302400,1564
1377388800,1564
1377475200,1563
1377561600,1564
1377648000,1572
1377734400,1576
1377820800,1573
1377907200,1567
1377993600,1576
1378080000,1579
1378166400,1544
1378252800,1546
1378339200,1552
1378425600,1560
1378512000,1558
1378598400,1558
1378684800,1563
1378771200,1558
1378857600,1560
1378944000,1559
1379030400,1561
1379116800,1558
1379203200,1563
1379289600,1567
1379376000,1569
1379462400,1575
1379548800,1569
1379635200,1568
1379721600,1566
1379808000,1573
1379894400,1576
1379980800,1575
1380067200,1572
1380153600,1569
1380240000,1573
1380326400,1575
1380412800,1575
1380499200,1575
1380585600,1568
1380672000,1565
1380758400,1560
1380844800,1559
1380931200,1558
1381017600,1560
1381104000,1561
1381190400,1562
1381276800,1556
1381363200,1558
1381449600,1557
1381536000,1555
1381622400,1555
1381708800,1560
1381795200,1570
1381881600,1582
1381968000,1573
1382054400,1572
1382140800,1573
1382227200,1566
1382313600,1579
1382400000,1587
1382486400,1580
1382572800,1587
1382659200,1486
1382745600,1484
1382832000,1480
1382918400,1483
1383004800,1482
1383091200,1482
1383177600,1480
1383264000,1474
1383350400,1473
1383436800,1478
1383523200,1459
1383609600,1459
1383696000,1461
1383782400,1451
1383868800,1454
1383955200,1462
1384041600,1465
1384128000,1455
1384214400,1456
1384300800,1451
1384387200,1454
1384473600,1458
1384560000,1453
1384646400,1449
1384732800,1446
1384819200,1449
1384905600,1461
1384992000,1448
1385078400,1433
1385164800,1446
1385251200,1445
1385337600,1446
1385424000,1449
1385510400,1450
1385596800,1443
1385683200,1445
1385769600,1452
1385856000,1452
1385942400,1450
1386028800,1453
1386115200,1452
1386201600,1458
1386288000,1458
1386374400,1473
1386460800,1482
1386547200,1475
1386633600,1475
1386720000,1444
1386806400,1440
1386892800,1441
1386979200,1440
1387065600,1443
1387152000,1447
1387238400,1443
1387324800,1433
1387411200,1429
1387497600,1421
1387584000,1420
1387670400,1417
1387756800,1422
1387843200,1413
1387929600,1425
1388016000,1421
1388102400,1420
1388188800,1420
1388275200,1421
1388361600,1427
1388448000,1428
1388534400,1445
1388620800,1449
1388707200,1437
1388793600,1441
1388880000,1443
1388966400,1443
1389052800,1444
1389139200,1443
1389225600,1444
1389312000,1443
1389398400,1446
1389484800,1442
1389571200,1444
1389657600,1443
1389744000,1444
1389830400,1442
1389916800,1439
1390003200,1437
1390089600,1439
1390176000,1435
1390262400,1439
1390348800,1438
1390435200,1439
1390521600,1421
1390608000,1424
1390694400,1424
1390780800,1418
1390867200,1415
1390953600,1422
1391040000,1423
1391126400,1426
1391212800,1422
1391299200,1420
1391385600,1423
1391472000,1419
1391558400,1431
1391644800,1430
1391731200,1425
1391817600,1430
1391904000,1428
1391990400,1429
1392076800,1440
1392163200,1440
1392249600,1439
1392336000,1436
1392422400,1430
1392508800,1428
1392595200,1426
1392681600,1425
1392768000,1429
1392854400,1428
1392940800,1426
1393027200,1427
1393113600,1429
1393200000,1422
1393286400,1435
1393372800,1423
1393459200,1426
1393545600,1425
1393632000,1428
1393718400,1425
1393804800,1435
1393891200,1416
1393977600,1417
1394064000,1421
1394150400,1477
1394236800,1418
1394323200,1422
1394409600,1438
1394496000,1437
1394582400,1441
1394668800,1442
1394755200,1459
1394841600,1512
1394928000,1508
1395014400,1505
1395100800,1501
1395187200,1504
1395273600,1509
1395360000,1518
1395446400,1516
1395532800,1513
1395619200,1512
1395705600,1512
1395792000,1510
1395878400,1519
1395964800,1510
1396051200,1513
1396137600,1510
1396224000,1505
1396310400,1508
1396396800,1505
1396483200,1512
1396569600,1511
1396656000,1510
1396742400,1510
1396828800,1507
1396915200,1509
1397001600,1514
1397088000,1520
1397174400,1519
1397260800,1517
1397347200,1516
1397433600,1512
1397520000,1514
1397606400,1514
1397692800,1510
1397779200,1508
1397865600,1508
1397952000,1507
1398038400,1508
1398124800,1510
1398211200,1510
1398297600,1510
1398384000,1511
1398470400,1511
1398556800,1510
1398643200,1516
1398729600,1515
1398816000,1517
1398902400,1513
1398988800,1517
1399075200,1517
1399161600,1519
1399248000,1519
1399334400,1517
1399420800,1521
1399507200,1525
1399593600,1526
1399680000,1523
1399766400,1523
1399852800,1525
1399939200,1525
1400025600,1521
1400112000,1523
1400198400,1522
1400284800,1521
1400371200,1522
1400457600,1526
1400544000,1524
1400630400,1524
1400716800,1525
1400803200,1529
1400889600,1512
1400976000,1511
1401062400,1515
1401148800,1520
1401235200,1523
1401321600,1523
1401408000,1524
1401494400,1519
1401580800,1520
1401667200,1522
1401753600,1519
1401840000,1518
1401926400,1522
1402012800,1523
1402099200,1516
1402185600,1520
1402272000,1520
1402358400,1516
1402444800,1514
1402531200,1516
1402617600,1517
1402704000,1520
1402790400,1518
1402876800,1519
1402963200,1522
1403049600,1517
1403136000,1518
1403222400,1517
1403308800,1519
1403395200,1517
1403481600,1520
1403568000,1524
1403654400,1523
1403740800,1526
1403827200,1525
1403913600,1528
1404000000,1532
1404086400,1526
1404172800,1522
1404259200,1523
1404345600,1529
1404432000,1525
1404518400,1526
1404604800,1527
1404691200,1527
1404777600,1526
1404864000,1528
1404950400,1529
1405036800,1526
1405123200,1525
1405209600,1526
1405296000,1525
1405382400,1528
1405468800,1535
1405555200,1538
1405641600,1536
1405728000,1541
1405814400,1539
1405900800,1540
1405987200,1538
1406073600,1542
1406160000,1541
1406246400,1542
1406332800,1540
1406419200,1544
1406505600,1540
1406592000,1548
1406678400,1544
1406764800,1546
1406851200,1548
1406937600,1548
1407024000,1550
1407110400,1557
1407196800,1541
1407283200,1546
1407369600,1547
1407456000,1547
1407542400,1547
1407628800,1550
1407715200,1550
1407801600,1549
1407888000,1550
1407974400,1555
1408060800,1558
1408147200,1555
1408233600,1562
1408320000,1559
1408406400,1560
1408492800,1558
1408579200,1555
1408665600,1555
1408752000,1559
1408838400,1558
1408924800,1552
1409011200,1549
1409097600,1551
1409184000,1550
1409270400,1558
1409356800,1546
1409443200,1547
1409529600,1552
1409616000,1549
1409702400,1549
1409788800,1547
1409875200,1549
1409961600,1546
1410048000,1546
1410134400,1544
1410220800,1543
1410307200,1540
1410393600,1540
1410480000,1538
1410566400,1538
1410652800,1537
1410739200,1536
1410825600,1534
1410912000,1536
1410998400,1532
1411084800,1535
1411171200,1534
1411257600,1534
1411344000,1538
1411430400,1539
1411516800,1538
1411603200,1537
1411689600,1537
1411776000,1539
1411862400,1539
1411948800,1542
1412035200,1544
1412121600,1540
1412208000,1536
1412294400,1541
1412380800,1539
1412467200,1538
1412553600,1533
1412640000,1529
1412726400,1535
1412812800,1532
1412899200,1527
1412985600,1524
1413072000,1522
1413158400,1529
1413244800,1533
1413331200,1531
1413417600,1528
1413504000,1528
1413590400,1531
1413676800,1533
1413763200,1534
1413849600,1534
1413936000,1528
1414022400,1531
1414108800,1532
1414195200,1535
1414281600,1533
1414368000,1532
1414454400,1532
1414540800,1530
1414627200,1531
1414713600,1530
1414800000,1533
1414886400,1536
1414972800,1539
1415059200,1538
1415145600,1538
1415232000,1539
1415318400,1547
1415404800,1547
1415491200,1546
1415577600,1552
1415664000,1559
1415750400,1553
1415836800,1548
1415923200,1550
1416009600,1551
1416096000,1553
1416182400,1570
1416268800,1561
1416355200,1561
1416441600,1563
1416528000,1566
1416614400,1567
1416700800,1567
1416787200,1571
1416873600,1571
1416960000,1569
1417046400,1567
1417132800,1562
1417219200,1559
1417305600,1561
1417392000,1555
1417478400,1552
1417564800,1557
1417651200,1543
1417737600,1538
1417824000,1533
1417910400,1531
1417996800,1531
1418083200,1521
1418169600,1523
1418256000,1524
1418342400,1522
1418428800,1523
1418515200,1524
1418601600,1529
1418688000,1531
1418774400,1531
1418860800,1533
1418947200,1543
1419033600,1543
1419120000,1556
1419206400,1557
1419292800,1563
1419379200,1553
1419465600,1551
1419552000,1553
1419638400,1551
1419724800,1553
1419811200,1553
1419897600,1539
1419984000,1530
1420070400,1530
1420156800,1532
1420243200,1537
1420329600,1536
1420416000,1528
1420502400,1528
1420588800,1531
1420675200,1538
1420761600,1548
1420848000,1544
1420934400,1543
1421020800,1541
1421107200,1532
1421193600,1537
1421280000,1534
1421366400,1532
1421452800,1529
1421539200,1531
1421625600,1527
1421712000,1534
1421798400,1544
1421884800,1528
1421971200,1524
1422057600,1530
1422144000,1531
1422230400,1532
1422316800,1541
1422403200,1536
1422489600,1532
1422576000,1532
1422662400,1542
1422748800,1548
1422835200,1550
1422921600,1547
1423008000,1548
1423094400,1548
1423180800,1550
1423267200,1545
1423353600,1545
1423440000,1551
1423526400,1550
1423612800,1545
1423699200,1547
1423785600,1542
1423872000,1546
1423958400,1543
1424044800,1544
1424131200,1543
1424217600,1541
1424304000,1534
1424390400,1534
1424476800,1532
1424563200,1532
1424649600,1542
1424736000,1545
1424822400,1547
1424908800,1548
1424995200,1546
1425081600,1545
1425168000,1544
1425254400,1546
1425340800,1547
1425427200,1551
1425513600,1546
1425600000,1544
1425686400,1560
1425772800,1684
1425859200,1689
1425945600,1687
1426032000,1697
1426118400,1704
1426204800,1701
1426291200,1711
1426377600,1713
1426464000,1719
1426550400,1712
1426636800,1706
1426723200,1699
1426809600,1695
1426896000,1697
1426982400,1696
1427068800,1687
1427155200,1688
1427241600,1695
1427328000,1685
1427414400,1682
1427500800,1680
1427587200,1679
1427673600,1684
1427760000,1683
1427846400,1688
1427932800,1704
1428019200,1702
1428105600,1705
1428192000,1703
1428278400,1700
1428364800,1699
1428451200,1696
1428537600,1699
1428624000,1699
1428710400,1701
1428796800,1701
1428883200,1699
1428969600,1692
1429056000,1686
1429142400,1684
1429228800,1682
1429315200,1683
1429401600,1683
1429488000,1681
1429574400,1680
1429660800,1678
1429747200,1678
1429833600,1678
1429920000,1678
1430006400,1676
1430092800,1671
1430179200,1670
1430265600,1672
1430352000,1666
1430438400,1664
1430524800,1665
1430611200,1662
1430697600,1661
1430784000,1660
1430870400,1659
1430956800,1658
1431043200,1658
1431129600,1659
1431216000,1655
1431302400,1653
1431388800,1651
1431475200,1650
1431561600,1649
1431648000,1646
1431734400,1652
1431820800,1652
1431907200,1650
1431993600,1642
1432080000,1649
1432166400,1650
1432252800,1657
1432339200,1657
1432425600,1660
1432512000,1658
1432598400,1656
1432684800,1657
1432771200,1658
1432857600,1657
1432944000,1666
1433030400,1670
1433116800,1665
1433203200,1666
1433289600,1667
1433376000,1669
1433462400,1669
1433548800,1668
1433635200,1666
1433721600,1667
1433808000,1664
1433894400,1662
1433980800,1663
1434067200,1661
1434153600,1664
1434240000,1663
1434326400,1661
1434412800,1668
1434499200,1675
1434585600,1678
1434672000,1669
1434758400,1678
1434844800,1673
1434931200,1672
1435017600,1678
1435104000,1679
1435190400,1674
1435276800,1684
1435363200,1691
1435449600,1688
1435536000,1691
1435622400,1689
1435708800,1688
1435795200,1684
1435881600,1689
1435968000,1689
1436054400,1689
1436140800,1682
1436227200,1684
1436313600,1688
1436400000,1690
1436486400,1689
1436572800,1693
1436659200,1724
1436745600,1725
1436832000,1730
1436918400,1729
1437004800,1731
1437091200,1721
1437177600,1720
1437264000,1723
1437350400,1722
1437436800,1713
1437523200,1714
1437609600,1719
1437696000,1717
1437782400,1727
1437868800,1734
1437955200,1723
1438041600,1715
1438128000,1711
1438214400,1712
1438300800,1714
1438387200,1712
1438473600,1710
1438560000,1712
1438646400,1711
1438732800,1707
1438819200,1714
1438905600,1713
1438992000,1726
1439078400,1733
1439164800,1717
1439251200,1716
1439337600,1709
1439424000,1705
1439510400,1703
1439596800,1712
1439683200,1713
1439769600,1711
1439856000,1708
1439942400,1707
1440028800,1709
1440115200,1704
1440201600,1705
1440288000,1706
1440374400,1709
1440460800,1711
1440547200,1714
1440633600,1713
1440720000,1714
1440806400,1713
1440892800,1713
1440979200,1713
1441065600,1719
1441152000,1727
1441238400,1721
1441324800,1721
1441411200,1717
1441497600,1717
1441584000,1723
1441670400,1736
1441756800,1740
1441843200,1748
1441929600,1753
1442016000,1749
1442102400,1751
1442188800,1748
1442275200,1747
1442361600,1746
1442448000,1748
1442534400,1746
1442620800,1745
1442707200,1743
1442793600,1744
1442880000,1737
1442966400,1736
1443052800,1727
1443139200,1736
1443225600,1735
1443312000,1735
1443398400,1727
1443484800,1724
1443571200,1723
1443657600,1716
1443744000,1719
1443830400,1726
1443916800,1744
1444003200,1739
1444089600,1748
1444176000,1746
1444262400,1747
1444348800,1748
1444435200,1751
1444521600,1759
1444608000,1758
1444694400,1760
1444780800,1760
1444867200,1776
1444953600,1778
1445040000,1780
1445126400,1785
1445212800,1787
1445299200,1782
1445385600,1800
1445472000,1792
1445558400,1788
1445644800,1780
1445731200,1773
1445817600,1773
1445904000,1767
1445990400,1780
1446076800,1772
1446163200,1792
1446249600,1788
1446336000,1786
1446422400,1780
1446508800,1770
1446595200,1790
1446681600,1817
1446768000,1813
1446854400,1806
1446940800,1809
1447027200,1810
1447113600,1825
1447200000,1815
1447286400,1815
1447372800,1818
1447459200,1796
1447545600,1781
1447632000,1769
1447718400,1768
1447804800,1793
1447891200,1791
1447977600,1783
1448064000,1784
1448150400,1783
1448236800,1778
1448323200,1767
1448409600,1759
1448496000,1749
1448582400,1786
1448668800,1796
1448755200,1794
1448841600,1794
1448928000,1769
1449014400,1755
1449100800,1768
1449187200,1763
1449273600,1732
1449360000,1715
1449446400,1703
1449532800,1729
1449619200,1715
1449705600,1712
1449792000,1707
1449878400,1710
1449964800,1709
1450051200,1706
1450137600,1709
1450224000,1718
1450310400,1730
1450396800,1726
1450483200,1742
1450569600,1742
1450656000,1741
1450742400,1742
1450828800,1740
1450915200,1731
1451001600,1727
1451088000,1722
1451174400,1723
1451260800,1731
1451347200,1729
1451433600,1733
1451520000,1730
1451606400,1731
1451692800,1733
1451779200,1731
1451865600,1733
1451952000,1737
1452038400,1752
1452124800,1734
1452211200,1737
1452297600,1734
1452384000,1738
1452470400,1738
1452556800,1737
1452643200,1741
1452729600,1744
1452816000,1742
1452902400,1738
1452988800,1741
1453075200,1733
1453161600,1737
1453248000,1739
1453334400,1737
1453420800,1755
1453507200,1753
1453593600,1752
1453680000,1754
1453766400,1752
1453852800,1762
1453939200,1759
1454025600,1776
1454112000,1770
1454198400,1775
1454284800,1773
1454371200,1774
1454457600,1772
1454544000,1765
1454630400,1790
1454716800,1789
1454803200,1788
1454889600,1793
1454976000,1786
1455062400,1791
1455148800,1786
1455235200,1782
1455321600,1778
1455408000,1781
1455494400,1781
1455580800,1780
1455667200,1803
1455753600,1799
1455840000,1800
1455926400,1798
1456012800,1800
1456099200,1801
1456185600,1801
1456272000,1801
1456358400,1788
1456444800,1790
1456531200,1809
1456617600,1811
1456704000,1795
1456790400,1778
1456876800,1776
1456963200,1783
1457049600,1779
1457136000,1783
1457222400,1780
1457308800,1804
1457395200,1818
1457481600,1821
1457568000,1819
1457654400,1849
1457740800,1849
1457827200,1853
1457913600,1851
1458000000,1849
1458086400,1860
1458172800,1854
1458259200,1865
1458345600,1864
1458432000,1860
1458518400,1858
1458604800,1848
1458691200,1843
1458777600,1843
1458864000,1838
1458950400,1847
1459036800,1847
1459123200,1845
1459209600,1868
1459296000,1873
1459382400,1872
1459468800,1876
1459555200,1871
1459641600,1872
1459728000,1874
1459814400,1872
1459900800,1881
1459987200,1842
1460073600,1845
1460160000,1851
1460246400,1834
1460332800,1835
1460419200,1845
1460505600,1834
1460592000,1841
1460678400,1850
1460764800,1868
1460851200,1867
1460937600,1858
1461024000,1865
1461110400,1864
1461196800,1872
1461283200,1868
1461369600,1866
1461456000,1860
1461542400,1868
1461628800,1869
1461715200,1861
1461801600,1865
1461888000,1869
1461974400,1870
1462060800,1870
1462147200,1873
1462233600,1872
1462320000,1861
1462406400,1854
1462492800,1880
1462579200,1880
1462665600,1882
1462752000,1888
1462838400,1886
1462924800,1886
1463011200,1886
1463097600,1885
1463184000,1887
1463270400,1881
1463356800,1888
1463443200,1892
1463529600,1889
1463616000,1888
1463702400,1896
1463788800,1890
1463875200,1896
1463961600,1896
1464048000,1892
1464134400,1875
1464220800,1865
1464307200,1845
1464393600,1832
1464480000,1822
1464566400,1821
1464652800,1820
1464739200,1819
1464825600,1828
1464912000,1822
1464998400,1818
1465084800,1823
1465171200,1827
1465257600,1826
1465344000,1833
1465430400,1838
1465516800,1840
1465603200,1838
1465689600,1827
1465776000,1842
1465862400,1842
1465948800,1862
1466035200,1871
1466121600,1884
1466208000,1886
1466294400,1886
1466380800,1886
1466467200,1876
1466553600,1883
1466640000,1883
1466726400,1882
1466812800,1896
1466899200,1895
1466985600,1896
1467072000,1888
1467158400,1894
1467244800,1892
1467331200,1890
1467417600,1892
1467504000,1884
1467590400,1886
1467676800,1876
1467763200,1890
1467849600,1884
1467936000,1874
1468022400,1881
1468108800,1882
1468195200,1885
1468281600,1885
1468368000,1882
1468454400,1882
1468540800,1883
1468627200,1879
1468713600,1886
1468800000,1890
1468886400,1886
1468972800,1887
1469059200,1892
1469145600,1889
1469232000,1887
1469318400,1886
1469404800,1886
1469491200,1886
1469577600,1887
1469664000,1886
1469750400,1885
1469836800,1886
1469923200,1886
1470009600,1889
1470096000,1891
1470182400,1890
1470268800,1892
1470355200,1888
1470441600,1885
1470528000,1872
1470614400,1867
1470700800,1872
1470787200,1882
1470873600,1885
1470960000,1881
1471046400,1880
1471132800,1875
1471219200,1870
1471305600,1882
1471392000,1884
1471478400,1889
1471564800,1886
1471651200,1892
1471737600,1890
1471824000,1895
1471910400,1892
1471996800,1879
1472083200,1881
1472169600,1876
1472256000,1881
1472342400,1884
1472428800,1878
1472515200,1887
1472601600,1891
1472688000,1891
1472774400,1887
1472860800,1886
1472947200,1889
1473033600,1890
1473120000,1881
1473206400,1883
1473292800,1876
1473379200,1879
1473465600,1877
1473552000,1882
1473638400,1873
1473724800,1867
1473811200,1864
1473897600,1855
1473984000,1853
1474070400,1857
1474156800,1853
1474243200,1854
1474329600,1853
1474416000,1850
1474502400,1842
1474588800,1845
1474675200,1848
1474761600,1849
1474848000,1846
1474934400,1842
1475020800,1839
1475107200,1836
1475193600,1841
1475280000,1843
1475366400,1841
1475452800,1838
1475539200,1839
1475625600,1841
1475712000,1840
1475798400,1843
1475884800,1850
1475971200,1849
1476057600,1841
1476144000,1818
1476230400,1826
1476316800,1820
1476403200,1830
1476489600,1825
1476576000,1825
1476662400,1827
1476748800,1824
1476835200,1824
1476921600,1822
1477008000,1824
1477094400,1823
1477180800,1820
1477267200,1820
1477353600,1820
1477440000,1813
1477526400,1807
1477612800,1810
1477699200,1810
1477785600,1812
1477872000,1819
1477958400,1815
1478044800,1807
1478131200,1803
1478217600,1799
1478304000,1805
1478390400,1804
1478476800,1808
1478563200,1807
1478649600,1811
1478736000,1811
1478822400,1810
1478908800,1816
1478995200,1810
1479081600,1809
1479168000,1812
1479254400,1800
1479340800,1794
1479427200,1786
1479513600,1788
1479600000,1790
1479686400,1794
1479772800,1794
1479859200,1793
1479945600,1802
1480032000,1796
1480118400,1797
1480204800,1799
1480291200,1799
1480377600,1794
1480464000,1794
1480550400,1795
1480636800,1787
1480723200,1785
1480809600,1787
1480896000,1781
1480982400,1780
1481068800,1786
1481155200,1782
1481241600,1785
1481328000,1787
1481414400,1786
1481500800,1787
1481587200,1780
1481673600,1773
1481760000,1765
1481846400,1762
1481932800,1759
1482019200,1759
1482105600,1757
1482192000,1761
1482278400,1759
1482364800,1756
1482451200,1745
1482537600,1744
1482624000,1735
1482710400,1736
1482796800,1741
1482883200,1731
1482969600,1726
1483056000,1738
1483142400,1741
1483228800,1739
1483315200,1737
1483401600,1726
1483488000,1734
1483574400,1719
1483660800,1725
1483747200,1727
1483833600,1722
1483920000,1722
1484006400,1731
1484092800,1720
1484179200,1718
1484265600,1719
1484352000,1723
1484438400,1720
1484524800,1722
1484611200,1722
1484697600,1722
1484784000,1726
1484870400,1722
1484956800,1727
1485043200,1732
1485129600,1726
1485216000,1721
1485302400,1728
1485388800,1724
1485475200,1725
1485561600,1725
1485648000,1724
1485734400,1721
1485820800,1721
1485907200,1711
1485993600,1712
1486080000,1716
1486166400,1715
1486252800,1722
1486339200,1712
1486425600,1710
1486512000,1712
1486598400,1716
1486684800,1718
1486771200,1715
1486857600,1716
1486944000,1716
1487030400,1714
1487116800,1716
1487203200,1718
1487289600,1713
1487376000,1706
1487462400,1727
1487548800,1724
1487635200,1734
1487721600,1725
1487808000,1733
1487894400,1742
1487980800,1747
1488067200,1751
1488153600,1757
1488240000,1751
1488326400,1752
1488412800,1741
1488499200,1745
1488585600,1740
1488672000,1739
1488758400,1738
1488844800,1757
1488931200,1760
1489017600,1755
1489104000,1760
1489190400,1759
1489276800,1764
1489363200,1764
1489449600,1765
1489536000,1758
1489622400,1759
1489708800,1759
1489795200,1749
1489881600,1754
1489968000,1764
1490054400,1766
1490140800,1765
1490227200,1758
1490313600,1768
1490400000,1783
1490486400,1780
1490572800,1768
1490659200,1767
1490745600,1770
1490832000,1785
1490918400,1779
1491004800,1780
1491091200,1779
1491177600,1790
1491264000,1792
1491350400,1784
1491436800,1785
1491523200,1786
1491609600,1793
1491696000,1792
1491782400,1796
1491868800,1800
1491955200,1790
1492041600,1793
1492128000,1791
1492214400,1792
1492300800,1794
1492387200,1797
1492473600,1794
1492560000,1799
1492646400,1799
1492732800,1798
1492819200,1799
1492905600,1798
1492992000,1810
1493078400,1796
1493164800,1792
1493251200,1789
1493337600,1782
1493424000,1784
1493510400,1784
1493596800,1785
1493683200,1785
1493769600,1785
1493856000,1771
1493942400,1773
1494028800,1772
1494115200,1773
1494201600,1778
1494288000,1781
1494374400,1770
1494460800,1775
1494547200,1775
1494633600,1779
1494720000,1773
1494806400,1751
1494892800,1752
1494979200,1747
1495065600,1738
1495152000,1745
1495238400,1747
1495324800,1744
1495411200,1737
1495497600,1742
1495584000,1741
1495670400,1732
1495756800,1717
1495843200,1725
1495929600,1725
1496016000,1727
1496102400,1728
1496188800,1740
1496275200,1733
1496361600,1722
1496448000,1735
1496534400,1732
1496620800,1724
1496707200,1721
1496793600,1728
1496880000,1728
1496966400,1737
1497052800,1745
1497139200,1740
1497225600,1729
1497312000,1734
1497398400,1730
1497484800,1736
1497571200,1747
1497657600,1751
1497744000,1747
1497830400,1765
1497916800,1749
1498003200,1746
1498089600,1756
1498176000,1755
1498262400,1758
1498348800,1758
1498435200,1756
1498521600,1756
1498608000,1764
1498694400,1766
1498780800,1770
1498867200,1772
1498953600,1772
1499040000,1780
1499126400,1772
1499212800,1763
1499299200,1760
1499385600,1756
1499472000,1762
1499558400,1755
1499644800,1760
1499731200,1764
1499817600,1770
1499904000,1775
1499990400,1770
1500076800,1768
1500163200,1782
1500249600,1787
1500336000,1785
1500422400,1787
1500508800,1782
1500595200,1782
1500681600,1780
1500768000,1774
1500854400,1768
1500940800,1770
1501027200,1792
1501113600,1794
1501200000,1774
1501286400,1787
1501372800,1784
1501459200,1781
1501545600,1799
1501632000,1824
1501718400,1801
1501804800,1795
1501891200,1806
1501977600,1798
1502064000,1797
1502150400,1799
1502236800,1804
1502323200,1790
1502409600,1788
1502496000,1788
1502582400,1787
1502668800,1781
1502755200,1785
1502841600,1792
1502928000,1789
1503014400,1787
1503100800,1793
1503187200,1791
1503273600,1793
1503360000,1783
1503446400,1777
1503532800,1781
1503619200,1775
1503705600,1776
1503792000,1778
1503878400,1778
1503964800,1775
1504051200,1769
1504137600,1761
1504224000,1759
1504310400,1747
1504396800,1753
1504483200,1744
1504569600,1744
1504656000,1741
1504742400,1754
1504828800,1757
1504915200,1750
1505001600,1750
1505088000,1753
1505174400,1752
1505260800,1750
1505347200,1741
1505433600,1744
1505520000,1747
1505606400,1741
1505692800,1745
1505779200,1742
1505865600,1735
1505952000,1737
1506038400,1734
1506124800,1739
1506211200,1740
1506297600,1733
1506384000,1734
1506470400,1733
1506556800,1741
1506643200,1733
1506729600,1733
1506816000,1729
1506902400,1729
1506988800,1734
1507075200,1729
1507161600,1731
1507248000,1733
1507334400,1728
1507420800,1722
1507507200,1719
1507593600,1726
1507680000,1723
1507766400,1720
1507852800,1719
1507939200,1718
1508025600,1720
1508112000,1724
1508198400,1721
1508284800,1724
1508371200,1720
1508457600,1721
1508544000,1716
1508630400,1711
1508716800,1709
1508803200,1712
1508889600,1722
1508976000,1727
1509062400,1727
1509148800,1722
1509235200,1726
1509321600,1730
1509408000,1727
1509494400,1734
1509580800,1733
1509667200,1733
1509753600,1724
1509840000,1731
1509926400,1738
1510012800,1739
1510099200,1735
1510185600,1720
1510272000,1716
1510358400,1712
1510444800,1713
1510531200,1707
1510617600,1715
1510704000,1715
1510790400,1716
1510876800,1707
1510963200,1700
1511049600,1699
1511136000,1699
1511222400,1692
1511308800,1697
1511395200,1699
1511481600,1700
1511568000,1699
1511654400,1699
1511740800,1692
1511827200,1678
1511913600,1680
1512000000,1676
1512086400,1680
1512172800,1691
1512259200,1687
1512345600,1680
1512432000,1675
1512518400,1671
1512604800,1670
1512691200,1672
1512777600,1672
1512864000,1674
1512950400,1680
1513036800,1675
1513123200,1663
1513209600,1662
1513296000,1652
1513382400,1655
1513468800,1651
1513555200,1650
1513641600,1652
1513728000,1656
1513814400,1659
1513900800,1655
1513987200,1657
1514073600,1654
1514160000,1661
1514246400,1651
1514332800,1653
1514419200,1656
1514505600,1641
1514592000,1634
1514678400,1638
1514764800,1642
1514851200,1641
1514937600,1635
1515024000,1630
1515110400,1622
1515196800,1621
1515283200,1618
1515369600,1622
1515456000,1621
1515542400,1617
1515628800,1625
1515715200,1629
1515801600,1627
1515888000,1630
1515974400,1623
1516060800,1613
1516147200,1610
1516233600,1615
1516320000,1616
1516406400,1619
1516492800,1621
1516579200,1619
1516665600,1621
1516752000,1620
1516838400,1619
1516924800,1620
1517011200,1622
1517097600,1632
1517184000,1630
1517270400,1627
1517356800,1627
1517443200,1639
1517529600,1631
1517616000,1633
1517702400,1642
1517788800,1630
1517875200,1636
1517961600,1635
1518048000,1641
1518134400,1642
1518220800,1645
1518307200,1644
1518393600,1643
1518480000,1643
1518566400,1651
1518652800,1661
1518739200,1657
1518825600,1645
1518912000,1638
1518998400,1641
1519084800,1646
1519171200,1649
1519257600,1643
1519344000,1640
1519430400,1643
1519516800,1642
1519603200,1638
1519689600,1643
1519776000,1649
1519862400,1656
1519948800,1654
1520035200,1658
1520121600,1658
1520208000,1662
1520294400,1661
1520380800,1659
1520467200,1660
1520553600,1665
1520640000,1667
1520726400,1662
1520812800,1670
1520899200,1664
1520985600,1668
1521072000,1668
1521158400,1670
1521244800,1675
1521331200,1674
1521417600,1668
1521504000,1669
1521590400,1663
1521676800,1659
1521763200,1654
1521849600,1653
1521936000,1646
1522022400,1651
1522108800,1662
1522195200,1659
1522281600,1662
1522368000,1665
1522454400,1666
1522540800,1666
1522627200,1659
1522713600,1663
1522800000,1665
1522886400,1666
1522972800,1668
1523059200,1664
1523145600,1658
1523232000,1657
1523318400,1653
1523404800,1657
1523491200,1656
1523577600,1650
1523664000,1650
1523750400,1648
1523836800,1648
1523923200,1653
1524009600,1654
1524096000,1653
1524182400,1648
1524268800,1648
1524355200,1649
1524441600,1639
1524528000,1637
1524614400,1647
1524700800,1645
1524787200,1645
1524873600,1657
1524960000,1654
1525046400,1651
1525132800,1648
1525219200,1660
1525305600,1659
1525392000,1655
1525478400,1655
1525564800,1653
1525651200,1653
1525737600,1660
1525824000,1653
1525910400,1653
1525996800,1653
1526083200,1651
1526169600,1648
1526256000,1643
1526342400,1640
1526428800,1646
1526515200,1645
1526601600,1649
1526688000,1650
1526774400,1647
1526860800,1646
1526947200,1645
1527033600,1647
1527120000,1649
1527206400,1655
1527292800,1655
1527379200,1656
1527465600,1653
1527552000,1651
1527638400,1657
1527724800,1655
1527811200,1665
1527897600,1660
1527984000,1664
1528070400,1657
1528156800,1651
1528243200,1654
1528329600,1657
1528416000,1653
1528502400,1656
1528588800,1655
1528675200,1653
1528761600,1654
1528848000,1651
1528934400,1648
1529020800,1652
1529107200,1652
1529193600,1651
1529280000,1646
1529366400,1645
1529452800,1642
1529539200,1641
1529625600,1637
1529712000,1639
1529798400,1637
1529884800,1638
1529971200,1641
1530057600,1642
1530144000,1642
1530230400,1646
1530316800,1642
1530403200,1644
1530489600,1638
1530576000,1642
1530662400,1639
1530748800,1639
1530835200,1644
1530921600,1644
1531008000,1651
1531094400,1651
1531180800,1648
1531267200,1656
1531353600,1656
1531440000,1658
1531526400,1657
1531612800,1655
1531699200,1657
1531785600,1655
1531872000,1657
1531958400,1660
1532044800,1654
1532131200,1652
1532217600,1649
1532304000,1650
1532390400,1645
1532476800,1649
1532563200,1648
1532649600,1645
1532736000,1647
1532822400,1655
1532908800,1653
1532995200,1650
1533081600,1646
1533168000,1646
1533254400,1647
1533340800,1644
1533427200,1646
1533513600,1645
1533600000,1650
1533686400,1654
1533772800,1652
1533859200,1657
1533945600,1658
1534032000,1657
1534118400,1657
1534204800,1649
1534291200,1650
1534377600,1648
1534464000,1647
1534550400,1647
1534636800,1652
1534723200,1652
1534809600,1652
1534896000,1651
1534982400,1649
1535068800,1650
1535155200,1653
1535241600,1651
1535328000,1650
1535414400,1649
1535500800,1651
1535587200,1646
1535673600,1647
1535760000,1646
1535846400,1645
1535932800,1640
1536019200,1640
1536105600,1642
1536192000,1639
1536278400,1636
1536364800,1638
1536451200,1641
1536537600,1650
1536624000,1648
1536710400,1651
1536796800,1651
1536883200,1649
1536969600,1653
1537056000,1651
1537142400,1656
1537228800,1658
1537315200,1655
1537401600,1656
1537488000,1651
1537574400,1653
1537660800,1656
1537747200,1652
1537833600,1655
1537920000,1658
1538006400,1658
1538092800,1656
1538179200,1655
1538265600,1660
1538352000,1652
1538438400,1670
1538524800,1682
1538611200,1684
1538697600,1688
1538784000,1691
1538870400,1690
1538956800,1690
1539043200,1692
1539129600,1699
1539216000,1693
1539302400,1707
1539388800,1704
1539475200,1710
1539561600,1709
1539648000,1711
1539734400,1711
1539820800,1717
1539907200,1721
1539993600,1722
1540080000,1724
1540166400,1737
1540252800,1744
1540339200,1745
1540425600,1750
1540512000,1759
1540598400,1757
1540684800,1758
1540771200,1750
1540857600,1755
1540944000,1760
1541030400,1765
1541116800,1762
1541203200,1760
1541289600,1761
1541376000,1764
1541462400,1760
1541548800,1761
1541635200,1766
1541721600,1767
1541808000,1772
1541894400,1770
1541980800,1773
1542067200,1772
1542153600,1772
1542240000,1780
1542326400,1783
1542412800,1776
1542499200,1777
1542585600,1775
1542672000,1780
1542758400,1780
1542844800,1782
1542931200,1782
1543017600,1779
1543104000,1778
1543190400,1779
1543276800,1788
1543363200,1789
1543449600,1793
1543536000,1806
1543622400,1808
1543708800,1808
1543795200,1819
1543881600,1847
1543968000,1860
1544054400,1865
1544140800,1859
1544227200,1858
1544313600,1857
1544400000,1854
1544486400,1858
1544572800,1858
1544659200,1856
1544745600,1856
1544832000,1851
1544918400,1849
1545004800,1853
1545091200,1851
1545177600,1851
1545264000,1858
1545350400,1855
1545436800,1854
1545523200,1858
1545609600,1862
1545696000,1860
1545782400,1859
1545868800,1858
1545955200,1855
1546041600,1853
1546128000,1851
1546214400,1846
1546300800,1848
1546387200,1844
1546473600,1844
1546560000,1843
1546646400,1841
1546732800,1839
1546819200,1844
1546905600,1843
1546992000,1852
1547078400,1849
1547164800,1842
1547251200,1841
1547337600,1843
1547424000,1840
1547510400,1841
1547596800,1837
1547683200,1836
1547769600,1837
1547856000,1837
1547942400,1836
1548028800,1837
1548115200,1837
1548201600,1837
1548288000,1838
1548374400,1838
1548460800,1839
1548547200,1836
1548633600,1839
1548720000,1840
1548806400,1839
1548892800,1841
1548979200,1841
1549065600,1842
1549152000,1843
1549238400,1840
1549324800,1836
1549411200,1840
1549497600,1835
1549584000,1837
1549670400,1842
1549756800,1840
1549843200,1846
1549929600,1841
1550016000,1835
1550102400,1829
1550188800,1830
1550275200,1832
1550361600,1832
1550448000,1828
1550534400,1823
1550620800,1824
1550707200,1809
1550793600,1811
1550880000,1811
1550966400,1813
1551052800,1817
1551139200,1817
1551225600,1816
1551312000,1882
1551398400,1883
1551484800,1886
1551571200,1890
1551657600,1883
1551744000,1878
1551830400,1882
1551916800,1881
1552003200,1884
1552089600,1882
1552176000,1884
1552262400,1879
1552348800,1877
1552435200,1880
1552521600,1881
1552608000,1883
1552694400,1961
1552780800,1961
1552867200,1962
1552953600,1963
1553040000,1958
1553126400,1962
1553212800,1962
1553299200,1962
1553385600,1960
1553472000,1957
1553558400,1955
1553644800,1961
1553731200,1966
1553817600,1974
1553904000,1975
1553990400,1977
1554076800,1977
1554163200,1981
1554249600,1980
1554336000,1981
1554422400,1986
1554508800,1983
1554595200,1981
1554681600,1977
1554768000,1979
1554854400,1977
1554940800,1977
1555027200,1974
1555113600,1972
1555200000,1973
1555286400,1976
1555372800,1980
1555459200,1982
1555545600,1981
1555632000,1983
1555718400,1983
1555804800,1983
1555891200,1988
1555977600,1984
1556064000,2003
1556150400,1995
1556236800,1995
1556323200,1993
1556409600,1995
1556496000,2004
1556582400,2014
1556668800,2010
1556755200,2011
1556841600,2011
1556928000,2010
1557014400,2006
1557100800,2008
1557187200,2013
1557273600,2014
1557360000,2008
1557446400,1990
1557532800,1993
1557619200,2000
1557705600,1997
1557792000,2003
1557878400,2005
1557964800,2004
1558051200,2001
1558137600,2000
1558224000,1999
1558310400,1994
1558396800,1995
1558483200,1999
1558569600,2004
1558656000,2000
1558742400,1998
1558828800,1998
1558915200,1994
1559001600,2000
1559088000,1995
1559174400,1996
1559260800,1995
1559347200,2002
1559433600,2000
1559520000,1998
1559606400,1999
1559692800,2002
1559779200,1998
1559865600,2004
1559952000,2005
1560038400,2003
1560124800,2003
1560211200,2000
1560297600,2005
1560384000,1995
1560470400,1999
1560556800,1997
1560643200,1995
1560729600,1990
1560816000,1992
1560902400,1996
1560988800,1995
1561075200,1993
1561161600,1994
1561248000,1991
1561334400,1994
1561420800,1991
1561507200,1984
1561593600,1986
1561680000,1998
1561766400,1999
1561852800,1979
1561939200,1976
1562025600,1975
1562112000,1973
1562198400,1973
1562284800,1977
1562371200,1974
1562457600,1974
1562544000,1972
1562630400,1969
1562716800,1971
1562803200,1973
1562889600,1966
1562976000,1968
1563062400,1966
1563148800,1964
1563235200,1966
1563321600,1959
1563408000,1967
1563494400,1969
1563580800,1964
1563667200,1962
1563753600,1967
1563840000,1963
1563926400,1969
1564012800,1968
1564099200,1975
1564185600,1973
1564272000,1973
1564358400,2008
1564444800,2005
1564531200,2006
1564617600,2008
1564704000,2012
1564790400,2011
1564876800,2011
1564963200,2023
1565049600,2050
1565136000,2079
1565222400,2071
1565308800,2072
1565395200,2071
1565481600,2070
1565568000,2076
1565654400,2079
1565740800,2083
1565827200,2080
1565913600,2080
1566000000,2067
1566086400,2064
1566172800,2063
1566259200,2060
1566345600,2055
1566432000,2060
1566518400,2043
1566604800,2044
1566691200,2048
1566777600,2042
1566864000,2047
1566950400,2050
1567036800,2045
1567123200,2047
1567209600,2047
1567296000,2047
1567382400,2050
1567468800,2048
1567555200,2055
1567641600,2049
1567728000,2044
1567814400,2044
1567900800,2044
1567987200,2049
1568073600,2052
1568160000,2056
1568246400,2051
1568332800,2056
1568419200,2059
1568505600,2056
1568592000,2049
1568678400,2047
1568764800,2048
1568851200,2055
1568937600,2052
1569024000,2054
1569110400,2054
1569196800,2049
1569283200,2140
1569369600,2158
1569456000,2178
1569542400,2190
1569628800,2184
1569715200,2179
1569801600,2173
1569888000,2172
1569974400,2173
1570060800,2170
1570147200,2171
1570233600,2170
1570320000,2169
1570406400,2167
1570492800,2171
1570579200,2173
1570665600,2172
1570752000,2173
1570838400,2169
1570924800,2171
1571011200,2168
1571097600,2150
1571184000,2145
1571270400,2144
1571356800,2148
1571443200,2148
1571529600,2146
1571616000,2145
1571702400,2148
1571788800,2144
1571875200,2124
1571961600,2132
1572048000,2135
1572134400,2135
1572220800,2138
1572307200,2136
1572393600,2137
1572480000,2135
1572566400,2146
1572652800,2147
1572739200,2147
1572825600,2146
1572912000,2146
1572998400,2147
1573084800,2151
1573171200,2149
1573257600,2148
1573344000,2146
1573430400,2145
1573516800,2153
1573603200,2155
1573689600,2154
1573776000,2159
1573862400,2156
1573948800,2153
1574035200,2153
1574121600,2149
1574208000,2152
1574294400,2150
1574380800,2139
1574467200,2136
1574553600,2136
1574640000,2129
1574726400,2132
1574812800,2120
1574899200,2120
1574985600,2126
1575072000,2123
1575158400,2121
1575244800,2123
1575331200,2123
1575417600,2132
1575504000,2133
1575590400,2135
1575676800,2133
1575763200,2132
1575849600,2135
1575936000,2136
1576022400,2139
1576108800,2139
1576195200,2139
1576281600,2137
1576368000,2139
1576454400,2137
1576540800,2137
1576627200,2132
1576713600,2132
1576800000,2129
1576886400,2130
1576972800,2128
1577059200,2133
1577145600,2131
1577232000,2126
1577318400,2122
1577404800,2121
1577491200,2124
1577577600,2122
1577664000,2119
1577750400,2120
1577836800,2118
1577923200,2122
1578009600,2122
1578096000,2121
1578182400,2121
1578268800,2121
1578355200,2117
1578441600,2117
1578528000,2121
1578614400,2115
1578700800,2120
1578787200,2118
1578873600,2113
1578960000,2112
1579046400,2120
1579132800,2121
1579219200,2121
1579305600,2125
1579392000,2123
1579478400,2125
1579564800,2127
1579651200,2132
1579737600,2130
1579824000,2132
1579910400,2133
1579996800,2134
1580083200,2134
1580169600,2128
1580256000,2122
1580342400,2129
1580428800,2136
1580515200,2136
1580601600,2137
1580688000,2136
1580774400,2136
1580860800,2138
1580947200,2135
1581033600,2141
1581120000,2163
1581206400,2164
1581292800,2162
1581379200,2163
1581465600,2156
1581552000,2147
1581638400,2150
1581724800,2155
1581811200,2153
1581897600,2153
1581984000,2154
1582070400,2157
1582156800,2153
1582243200,2155
1582329600,2156
1582416000,2156
1582502400,2154
1582588800,2152
1582675200,2154
1582761600,2147
1582848000,2145
1582934400,2142
1583020800,2146
1583107200,2147
1583193600,2144
1583280000,2151
1583366400,2158
1583452800,2162
1583539200,2162
1583625600,2161
1583712000,2154
1583798400,2153
1583884800,2150
1583971200,2158
1584057600,2140
1584144000,2141
1584230400,2141
1584316800,2145
1584403200,2136
1584489600,2152
1584576000,2143
1584662400,2142
1584748800,2141
1584835200,2144
1584921600,2131
1585008000,2139
1585094400,2134
1585180800,2131
1585267200,2134
1585353600,2134
1585440000,2131
1585526400,2133
1585612800,2131
1585699200,2131
1585785600,2124
1585872000,2134
1585958400,2131
1586044800,2129
1586131200,2124
1586217600,2128
1586304000,2127
1586390400,2120
1586476800,2115
1586563200,2115
1586649600,2118
1586736000,2122
1586822400,2122
1586908800,2124
1586995200,2108
1587081600,2107
1587168000,2105
1587254400,2105
1587340800,2105
1587427200,2105
1587513600,2099
1587600000,2104
1587686400,2105
1587772800,2104
1587859200,2104
1587945600,2108
1588032000,2110
1588118400,2104
1588204800,2106
1588291200,2112
1588377600,2111
1588464000,2115
1588550400,2104
1588636800,2105
1588723200,2109
1588809600,2119
1588896000,2118
1588982400,2122
1589068800,2122
1589155200,2129
1589241600,2136
1589328000,2142
1589414400,2147
1589500800,2144
1589587200,2143
1589673600,2144
1589760000,2144
1589846400,2136
1589932800,2135
1590019200,2136
1590105600,2136
1590192000,2134
1590278400,2133
1590364800,2135
1590451200,2131
1590537600,2132
1590624000,2132
1590710400,2131
1590796800,2135
1590883200,2136
1590969600,2134
1591056000,2138
1591142400,2140
1591228800,2143
1591315200,2143
1591401600,2141
1591488000,2142
1591574400,2143
1591660800,2146
1591747200,2144
1591833600,2147
1591920000,2149
1592006400,2151
1592092800,2151
1592179200,2154
1592265600,2152
1592352000,2148
1592438400,2146
1592524800,2155
1592611200,2157
1592697600,2157
1592784000,2161
1592870400,2161
1592956800,2158
1593043200,2153
1593129600,2152
1593216000,2153
1593302400,2152
1593388800,2149
1593475200,2150
1593561600,2151
1593648000,2147
1593734400,2154
1593820800,2153
1593907200,2154
1593993600,2157
1594080000,2155
1594166400,2163
1594252800,2160
1594339200,2155
1594425600,2154
1594512000,2155
1594598400,2152
1594684800,2154
1594771200,2157
1594857600,2158
1594944000,2161
1595030400,2163
1595116800,2160
1595203200,2160
1595289600,2161
1595376000,2162
1595462400,2165
1595548800,2167
1595635200,2171
1595721600,2170
1595808000,2160
1595894400,2165
1595980800,2169
1596067200,2170
1596153600,2171
1596240000,2175
1596326400,2178
1596412800,2178
1596499200,2178
1596585600,2176
1596672000,2177
1596758400,2195
1596844800,2193
1596931200,2193
1597017600,2197
1597104000,2194
1597190400,2196
1597276800,2197
1597363200,2192
1597449600,2196
1597536000,2194
1597622400,2200
1597708800,2187
1597795200,2192
1597881600,2193
1597968000,2190
1598054400,2190
1598140800,2189
1598227200,2190
1598313600,2188
1598400000,2189
1598486400,2187
1598572800,2197
1598659200,2196
1598745600,2195
1598832000,2201
1598918400,2200
1599004800,2207
1599091200,2209
1599177600,2203
1599264000,2198
1599350400,2196
1599436800,2193
1599523200,2187
1599609600,2190
1599696000,2197
1599782400,2203
1599868800,2198
1599955200,2200
1600041600,2202
1600128000,2202
1600214400,2198
1600300800,2194
1600387200,2194
1600473600,2193
1600560000,2196
1600646400,2190
1600732800,2191
1600819200,2193
1600905600,2188
1600992000,2187
1601078400,2192
1601164800,2188
1601251200,2188
1601337600,2195
1601424000,2194
1601510400,2194
1601596800,2180
1601683200,2182
1601769600,2184
1601856000,2183
1601942400,2183
1602028800,2184
1602115200,2186
1602201600,2177
1602288000,2176
1602374400,2174
1602460800,2180
1602547200,2178
1602633600,2176
1602720000,2172
1602806400,2176
1602892800,2178
1602979200,2178
1603065600,2183
1603152000,2178
1603238400,2185
1603324800,2199
1603411200,2229
1603497600,2228
1603584000,2231
1603670400,2221
1603756800,2223
1603843200,2217
1603929600,2225
1604016000,2224
1604102400,2218
1604188800,2216
1604275200,2227
1604361600,2223
1604448000,2216
1604534400,2224
1604620800,2226
1604707200,2234
1604793600,2233
1604880000,2227
1604966400,2234
1605052800,2231
1605139200,2230
1605225600,2234
1605312000,2236
1605398400,2237
1605484800,2237
1605571200,2232
1605657600,2228
1605744000,2229
1605830400,2249
1605916800,2256
1606003200,2256
1606089600,2260
1606176000,2274
1606262400,2274
1606348800,2266
1606435200,2263
1606521600,2262
1606608000,2262
1606694400,2261
1606780800,2259
1606867200,2260
1606953600,2263
1607040000,2269
1607126400,2269
1607212800,2268
1607299200,2266
1607385600,2269
1607472000,2263
1607558400,2270
1607644800,2268
1607731200,2272
1607817600,2274
1607904000,2280
1607990400,2275
1608076800,2280
1608163200,2292
1608249600,2306
1608336000,2302
1608422400,2275
1608508800,2266
1608595200,2252
1608681600,2247
1608768000,2232
1608854400,2228
1608940800,2221
1609027200,2225
1609113600,2225
1609200000,2257
1609286400,2268
1609372800,2268
1609459200,2274
1609545600,2273
1609632000,2282
1609718400,2281
1609804800,2311
1609891200,2334
1609977600,2361
1610064000,2379
1610150400,2397
1610236800,2407
1610323200,2413
1610409600,2412
1610496000,2412
1610582400,2422
1610668800,2424
1610755200,2424
1610841600,2421
1610928000,2416
1611014400,2438
1611100800,2444
1611187200,2444
1611273600,2446
1611360000,2443
1611446400,2443
1611532800,2446
1611619200,2446
1611705600,2448
1611792000,2461
1611878400,2463
1611964800,2457
1612051200,2469
1612137600,2467
1612224000,2466
1612310400,2469
1612396800,2481
1612483200,2487
1612569600,2486
1612656000,2488
1612742400,2488
1612828800,2475
1612915200,2451
1613001600,2444
1613088000,2449
1613174400,2456
1613260800,2457
1613347200,2456
1613433600,2461
1613520000,2456
1613606400,2442
1613692800,2435
1613779200,2419
1613865600,2418
1613952000,2412
1614038400,2374
1614124800,2365
1614211200,2381
1614297600,2388
1614384000,2386
1614470400,2385
1614556800,2374
1614643200,2374
1614729600,2372
1614816000,2372
1614902400,2368
1614988800,2367
1615075200,2370
1615161600,2368
1615248000,2371
1615334400,2369
1615420800,2334
1615507200,2323
1615593600,2324
1615680000,2326
1615766400,2327
1615852800,2283
1615939200,2275
1616025600,2276
1616112000,2278
1616198400,2270
1616284800,2265
1616371200,2262
1616457600,2267
1616544000,2263
1616630400,2267
1616716800,2262
1616803200,2241
1616889600,2241
1616976000,2237
1617062400,2237
1617148800,2232
1617235200,2240
1617321600,2239
1617408000,2237
1617494400,2242
1617580800,2240
1617667200,2246
1617753600,2246
1617840000,2244
1617926400,2241
1618012800,2240
1618099200,2244
1618185600,2240
1618272000,2240
1618358400,2228
1618444800,2231
1618531200,2232
1618617600,2235
1618704000,2241
1618790400,2241
1618876800,2244
1618963200,2244
1619049600,2239
1619136000,2240
1619222400,2239
1619308800,2242
1619395200,2241
1619481600,2239
1619568000,2238
1619654400,2237
1619740800,2228
1619827200,2230
1619913600,2230
1620000000,2226
1620086400,2235
1620172800,2234
1620259200,2233
1620345600,2195
1620432000,2185
1620518400,2183
1620604800,2178
1620691200,2181
1620777600,2167
1620864000,2166
1620950400,2167
1621036800,2164
1621123200,2158
1621209600,2150
1621296000,2147
1621382400,2155
1621468800,2160
1621555200,2167
1621641600,2173
1621728000,2175
1621814400,2176
1621900800,2169
1621987200,2162
1622073600,2169
1622160000,2167
1622246400,2161
1622332800,2157
1622419200,2163
1622505600,2155
1622592000,2156
1622678400,2163
1622764800,2157
1622851200,2165
1622937600,2179
1623024000,2182
1623110400,2176
1623196800,2173
1623283200,2169
1623369600,2162
1623456000,2164
1623542400,2163
1623628800,2171
1623715200,2174
1623801600,2171
1623888000,2167
1623974400,2163
1624060800,2168
1624147200,2163
1624233600,2157
1624320000,2148
1624406400,2149
1624492800,2154
1624579200,2147
1624665600,2150
1624752000,2143
1624838400,2143
1624924800,2144
1625011200,2137
1625097600,2142
1625184000,2152
1625270400,2150
1625356800,2150
1625443200,2149
1625529600,2147
1625616000,2148
1625702400,2149
1625788800,2149
1625875200,2147
1625961600,2149
1626048000,2152
1626134400,2150
1626220800,2147
1626307200,2149
1626393600,2146
1626480000,2151
1626566400,2153
1626652800,2156
1626739200,2159
1626825600,2156
1626912000,2162
1626998400,2158
1627084800,2158
1627171200,2163
1627257600,2158
1627344000,2169
1627430400,2160
1627516800,2154
1627603200,2156
1627689600,2155
1627776000,2152
1627862400,2153
1627948800,2159
1628035200,2156
1628121600,2156
1628208000,2154
1628294400,2154
1628380800,2155
1628467200,2164
1628553600,2160
1628640000,2154
1628726400,2155
1628812800,2156
1628899200,2158
1628985600,2159
1629072000,2153
1629158400,2150
1629244800,2149
1629331200,2146
1629417600,2152
1629504000,2149
1629590400,2149
1629676800,2144
1629763200,2143
1629849600,2149
1629936000,2152
1630022400,2151
1630108800,2152
1630195200,2151
1630281600,2150
1630368000,2150
1630454400,2146
1630540800,2141
1630627200,2141
1630713600,2141
1630800000,2141
1630886400,2144
1630972800,2144
1631059200,2144
1631145600,2125
1631232000,2120
1631318400,2121
1631404800,2122
1631491200,2116
1631577600,2130
1631664000,2136
1631750400,2136
1631836800,2135
1631923200,2137
1632009600,2136
1632096000,2134
1632182400,2132
1632268800,2132
1632355200,2133
1632441600,2141
1632528000,2139
1632614400,2174
1632700800,2176
1632787200,2172
1632873600,2166
1632960000,2171
1633046400,2169
1633132800,2169
1633219200,2166
1633305600,2166
1633392000,2166
1633478400,2139
1633564800,2142
1633651200,2140
1633737600,2143
1633824000,2140
1633910400,2147
1633996800,2145
1634083200,2141
1634169600,2142
1634256000,2142
1634342400,2141
1634428800,2145
1634515200,2154
1634601600,2148
1634688000,2159
